<?xml version="1.0" encoding="UTF-8"?>
<ar:ApplicationResponse xmlns="urn:oasis:names:specification:ubl:schema:xsd:Invoice-2" xmlns:ar="urn:oasis:names:specification:ubl:schema:xsd:ApplicationResponse-2" xmlns:ext="urn:oasis:names:specification:ubl:schema:xsd:CommonExtensionComponents-2" xmlns:cbc="urn:oasis:names:specification:ubl:schema:xsd:CommonBasicComponents-2" xmlns:cac="urn:oasis:names:specification:ubl:schema:xsd:CommonAggregateComponents-2" xmlns:ds="http://www.w3.org/2000/09/xmldsig#" xmlns:soap="http://schemas.xmlsoap.org/soap/envelope/" xmlns:date="http://exslt.org/dates-and-times" xmlns:sac="urn:sunat:names:specification:ubl:peru:schema:xsd:SunatAggregateComponents-1" xmlns:xs="http://www.w3.org/2001/XMLSchema" xmlns:regexp="http://exslt.org/regular-expressions"><ext:UBLExtensions xmlns=""><ext:UBLExtension><ext:ExtensionContent><Signature xmlns="http://www.w3.org/2000/09/xmldsig#">
<SignedInfo>
  <CanonicalizationMethod Algorithm="http://www.w3.org/2001/10/xml-exc-c14n#WithComments"/>
  <SignatureMethod Algorithm="http://www.w3.org/2001/04/xmldsig-more#rsa-sha512"/>
  <Reference URI="">
    <Transforms>
      <Transform Algorithm="http://www.w3.org/2000/09/xmldsig#enveloped-signature"/>
      <Transform Algorithm="http://www.w3.org/2001/10/xml-exc-c14n#WithComments"/>
    </Transforms>
    <DigestMethod Algorithm="http://www.w3.org/2001/04/xmlenc#sha512"/>
    <DigestValue>np/g+ElczvHqgLLNfUxKTEL1yXrqew37arRjmE2e3BHwh8hcpPSUKRbpvdMjEOyldY4u6IJ3lpptQ4mbhKtuzA==</DigestValue>
  </Reference>
</SignedInfo>
    <SignatureValue>*Private key 'BetaPublicCert' not up*</SignatureValue><KeyInfo><X509Data><X509Certificate>*Named certificate 'BetaPrivateKey' not up*</X509Certificate><X509IssuerSerial><X509IssuerName>*Named certificate 'BetaPrivateKey' not up*</X509IssuerName><X509SerialNumber>*Named certificate 'BetaPrivateKey' not up*</X509SerialNumber></X509IssuerSerial></X509Data></KeyInfo></Signature></ext:ExtensionContent></ext:UBLExtension></ext:UBLExtensions><cbc:UBLVersionID>2.0</cbc:UBLVersionID><cbc:CustomizationID>1.0</cbc:CustomizationID><cbc:ID>1714745953520</cbc:ID><cbc:IssueDate>2024-05-03T09:31:10</cbc:IssueDate><cbc:IssueTime>00:00:00</cbc:IssueTime><cbc:ResponseDate>2024-05-03</cbc:ResponseDate><cbc:ResponseTime>10:19:13</cbc:ResponseTime><cac:Signature><cbc:ID>SignSUNAT</cbc:ID><cac:SignatoryParty><cac:PartyIdentification><cbc:ID>20131312955</cbc:ID></cac:PartyIdentification><cac:PartyName><cbc:Name>SUNAT</cbc:Name></cac:PartyName></cac:SignatoryParty><cac:DigitalSignatureAttachment><cac:ExternalReference><cbc:URI>#SignSUNAT</cbc:URI></cac:ExternalReference></cac:DigitalSignatureAttachment></cac:Signature><cbc:Note>4297 - La sumatoria del total valor de venta - operaciones exoneradas de l&#237;nea no corresponden al total - INFO : 4297 (nodo: "cac:TaxSubtotal/cbc:TaxableAmount" valor: "111.00")</cbc:Note><cbc:Note>4294 - La base imponible a nivel de l&#237;nea difiere de la informaci&#243;n consignada en el comprobante - Error en la linea: 1: 4294 (nodo: "cac:TaxSubtotal/cbc:TaxableAmount" valor: "45.00")</cbc:Note><cbc:Note>4294 - La base imponible a nivel de l&#237;nea difiere de la informaci&#243;n consignada en el comprobante - Error en la linea: 2: 4294 (nodo: "cac:TaxSubtotal/cbc:TaxableAmount" valor: "23.00")</cbc:Note><cbc:Note>4294 - La base imponible a nivel de l&#237;nea difiere de la informaci&#243;n consignada en el comprobante - Error en la linea: 3: 4294 (nodo: "cac:TaxSubtotal/cbc:TaxableAmount" valor: "33.00")</cbc:Note><cbc:Note>4294 - La base imponible a nivel de l&#237;nea difiere de la informaci&#243;n consignada en el comprobante - Error en la linea: 4: 4294 (nodo: "cac:TaxSubtotal/cbc:TaxableAmount" valor: "10.00")</cbc:Note><cac:SenderParty><cac:PartyIdentification><cbc:ID>20131312955</cbc:ID></cac:PartyIdentification></cac:SenderParty><cac:ReceiverParty><cac:PartyIdentification><cbc:ID>20610630431</cbc:ID></cac:PartyIdentification></cac:ReceiverParty><cac:DocumentResponse><cac:Response><cbc:ReferenceID>BC01-2</cbc:ReferenceID><cbc:ResponseCode>0</cbc:ResponseCode><cbc:Description>La Nota de Credito numero BC01-2, ha sido aceptada</cbc:Description></cac:Response><cac:DocumentReference><cbc:ID>BC01-2</cbc:ID></cac:DocumentReference><cac:RecipientParty><cac:PartyIdentification><cbc:ID>6-01189793</cbc:ID></cac:PartyIdentification></cac:RecipientParty></cac:DocumentResponse></ar:ApplicationResponse>